{
  "timestamp": "2026-03-15_19-50-16",
  "run_name": "anthropic_claude-sonnet-4.6",
  "model": "anthropic/claude-sonnet-4.6",
  "attempts_per_problem": 1,
  "by_difficulty": {
    "easy": {
      "passed": 15,
      "total": 15,
      "success_rate": 1.0,
      "avg_cost_gap": 0.0006476610771686556
    },
    "medium": {
      "passed": 3,
      "total": 15,
      "success_rate": 0.2,
      "avg_cost_gap": 0.0034335096529829554
    },
    "hard": {
      "passed": 1,
      "total": 15,
      "success_rate": 0.06666666666666667,
      "avg_cost_gap": -0.05381241928873167
    },
    "very_hard": {
      "passed": 6,
      "total": 15,
      "success_rate": 0.4,
      "avg_cost_gap": -0.026885761472579896
    }
  }
}