{
  "timestamp": "2026-03-15_19-50-16",
  "run_name": "openai_gpt-5-nano",
  "model": "openai/gpt-5-nano",
  "attempts_per_problem": 1,
  "by_difficulty": {
    "easy": {
      "passed": 15,
      "total": 15,
      "success_rate": 1.0,
      "avg_cost_gap": 2.306473683151729e-17
    },
    "medium": {
      "passed": 12,
      "total": 15,
      "success_rate": 0.8,
      "avg_cost_gap": -0.0025380886165566035
    },
    "hard": {
      "passed": 15,
      "total": 15,
      "success_rate": 1.0,
      "avg_cost_gap": -3.8457598663231606e-17
    },
    "very_hard": {
      "passed": 11,
      "total": 15,
      "success_rate": 0.7333333333333333,
      "avg_cost_gap": 0.04344478464162303
    }
  }
}